{
  "metadata": {
    "script": "backtesting_predictive.py",
    "run_date": "2026-03-15T18:05:43.189264",
    "hmfsi_corr_path": "DJI_HMFSI_CORR_BETA_DE/aligned_series.csv",
    "rv_corr_path": "results_corr_250_acf/aligned_series.csv",
    "n_obs": 120,
    "horizons": [
      1,
      2,
      3,
      4,
      5,
      6
    ],
    "min_train_frac": 0.5
  },
  "B1_oos_forecasting": {
    "h1": {
      "horizon": 1,
      "n_oos": 59,
      "model_metrics": {
        "label": "corr_model",
        "RMSE": 0.7217582381294281,
        "MAE": 0.5055114864012994,
        "R2_OOS": 0.3207586222471541,
        "MSE": 0.5209349543076962
      },
      "rw_metrics": {
        "label": "random_walk",
        "RMSE": 0.8122266030494287,
        "MAE": 0.5995928204037281,
        "R2_OOS": 0.13980868196696983,
        "MSE": 0.6597120547012142
      },
      "ar1_metrics": {
        "label": "AR1",
        "RMSE": 0.7383695341204681,
        "MAE": 0.5352038024511552,
        "R2_OOS": 0.28913329607534766,
        "MSE": 0.5451895689172771
      },
      "Theil_U_vs_RW": 0.8886,
      "Theil_U_vs_AR1": 0.9775,
      "DM_vs_RW": {
        "DM_stat": -0.8281386116007465,
        "p_value": 0.41098676819826396,
        "mean_loss_diff": -0.13877710039351793,
        "T": 59,
        "model1_better": true
      },
      "DM_vs_AR1": {
        "DM_stat": -0.7500608130349082,
        "p_value": 0.45625000422668927,
        "mean_loss_diff": -0.02425461460958092,
        "T": 59,
        "model1_better": true
      },
      "CW_vs_RW": {
        "CW_stat": 1.8275920503736847,
        "p_value_onesided": 0.033805399884835774,
        "mean_adjusted_diff": 0.38620306390871306,
        "T": 59
      },
      "CW_vs_AR1": {
        "CW_stat": 2.886562294763059,
        "p_value_onesided": 0.0019473781890709807,
        "mean_adjusted_diff": 0.08539070321278094,
        "T": 59
      }
    },
    "h2": {
      "horizon": 2,
      "n_oos": 58,
      "model_metrics": {
        "label": "corr_model",
        "RMSE": 0.8038403822598044,
        "MAE": 0.5380426880862035,
        "R2_OOS": 0.1160296801403321,
        "MSE": 0.6461593601515884
      },
      "rw_metrics": {
        "label": "random_walk",
        "RMSE": 1.042895274198414,
        "MAE": 0.7081740483412694,
        "R2_OOS": -0.48791952429618646,
        "MSE": 1.0876305529453851
      },
      "ar1_metrics": {
        "label": "AR1",
        "RMSE": 0.8412977378833145,
        "MAE": 0.5724758544997288,
        "R2_OOS": 0.03172774895943775,
        "MSE": 0.7077818837675821
      },
      "Theil_U_vs_RW": 0.7708,
      "Theil_U_vs_AR1": 0.9555,
      "DM_vs_RW": {
        "DM_stat": -1.5984375592272946,
        "p_value": 0.11547486405184149,
        "mean_loss_diff": -0.44147119279379676,
        "T": 58,
        "model1_better": true
      },
      "DM_vs_AR1": {
        "DM_stat": -1.2606595384317574,
        "p_value": 0.21256762586112088,
        "mean_loss_diff": -0.061622523615993616,
        "T": 58,
        "model1_better": true
      },
      "CW_vs_RW": {
        "CW_stat": 1.9509087464453032,
        "p_value_onesided": 0.025533951007596256,
        "mean_adjusted_diff": 0.9659806435296893,
        "T": 58
      },
      "CW_vs_AR1": {
        "CW_stat": 3.3285257684161715,
        "p_value_onesided": 0.0004365346396505432,
        "mean_adjusted_diff": 0.16030339961193932,
        "T": 58
      }
    },
    "h3": {
      "horizon": 3,
      "n_oos": 57,
      "model_metrics": {
        "label": "corr_model",
        "RMSE": 0.8344006688124198,
        "MAE": 0.5682116780152909,
        "R2_OOS": 0.05572052019384299,
        "MSE": 0.6962244761146136
      },
      "rw_metrics": {
        "label": "random_walk",
        "RMSE": 1.1716177810043062,
        "MAE": 0.7619415584977913,
        "R2_OOS": -0.8617577624550183,
        "MSE": 1.3726882247654544
      },
      "ar1_metrics": {
        "label": "AR1",
        "RMSE": 0.880087417538308,
        "MAE": 0.5951278653887717,
        "R2_OOS": -0.050516526586001476,
        "MSE": 0.7745538625092481
      },
      "Theil_U_vs_RW": 0.7122,
      "Theil_U_vs_AR1": 0.9481,
      "DM_vs_RW": {
        "DM_stat": -1.4605558285881592,
        "p_value": 0.14972548266510088,
        "mean_loss_diff": -0.6764637486508408,
        "T": 57,
        "model1_better": true
      },
      "DM_vs_AR1": {
        "DM_stat": -1.5018467905147408,
        "p_value": 0.13875483634072294,
        "mean_loss_diff": -0.07832938639463449,
        "T": 57,
        "model1_better": true
      },
      "CW_vs_RW": {
        "CW_stat": 1.8051088883583284,
        "p_value_onesided": 0.03552882223076359,
        "mean_adjusted_diff": 1.3828769064002113,
        "T": 57
      },
      "CW_vs_AR1": {
        "CW_stat": 3.5097310122911876,
        "p_value_onesided": 0.00022428010978958746,
        "mean_adjusted_diff": 0.16488402932621768,
        "T": 57
      }
    },
    "h4": {
      "horizon": 4,
      "n_oos": 56,
      "model_metrics": {
        "label": "corr_model",
        "RMSE": 0.8414641781323222,
        "MAE": 0.5501659561242088,
        "R2_OOS": 0.030013133450134233,
        "MSE": 0.7080619630799045
      },
      "rw_metrics": {
        "label": "random_walk",
        "RMSE": 1.217486589920033,
        "MAE": 0.8162215245499073,
        "R2_OOS": -1.030593360947757,
        "MSE": 1.4822735966351102
      },
      "ar1_metrics": {
        "label": "AR1",
        "RMSE": 0.8780686919272418,
        "MAE": 0.5810591795115302,
        "R2_OOS": -0.05621315923632664,
        "MSE": 0.7710046277428175
      },
      "Theil_U_vs_RW": 0.6911,
      "Theil_U_vs_AR1": 0.9583,
      "DM_vs_RW": {
        "DM_stat": -1.5069974657726797,
        "p_value": 0.13753393623160814,
        "mean_loss_diff": -0.7742116335552057,
        "T": 56,
        "model1_better": true
      },
      "DM_vs_AR1": {
        "DM_stat": -1.226006643165614,
        "p_value": 0.2254196991772237,
        "mean_loss_diff": -0.0629426646629131,
        "T": 56,
        "model1_better": true
      },
      "CW_vs_RW": {
        "CW_stat": 1.8436747682448305,
        "p_value_onesided": 0.032615276164844054,
        "mean_adjusted_diff": 1.6329240660424842,
        "T": 56
      },
      "CW_vs_AR1": {
        "CW_stat": 3.568273994463551,
        "p_value_onesided": 0.00017967031199594974,
        "mean_adjusted_diff": 0.15020948746423285,
        "T": 56
      }
    },
    "h5": {
      "horizon": 5,
      "n_oos": 55,
      "model_metrics": {
        "label": "corr_model",
        "RMSE": 0.8232256610196286,
        "MAE": 0.5483678330243552,
        "R2_OOS": -0.008472436848212306,
        "MSE": 0.6777004889612044
      },
      "rw_metrics": {
        "label": "random_walk",
        "RMSE": 1.245993371246761,
        "MAE": 0.8889976648969912,
        "R2_OOS": -1.3102431833891859,
        "MSE": 1.5524994811908688
      },
      "ar1_metrics": {
        "label": "AR1",
        "RMSE": 0.840993894923968,
        "MAE": 0.5599723750612923,
        "R2_OOS": -0.0524753184083071,
        "MSE": 0.7072707312993861
      },
      "Theil_U_vs_RW": 0.6607,
      "Theil_U_vs_AR1": 0.9789,
      "DM_vs_RW": {
        "DM_stat": -1.7399201929591406,
        "p_value": 0.08756998457082776,
        "mean_loss_diff": -0.8747989922296638,
        "T": 55,
        "model1_better": true
      },
      "DM_vs_AR1": {
        "DM_stat": -0.6231746612613376,
        "p_value": 0.5357930137136022,
        "mean_loss_diff": -0.029570242338181715,
        "T": 55,
        "model1_better": true
      },
      "CW_vs_RW": {
        "CW_stat": 2.0083877639469705,
        "p_value_onesided": 0.02230105106964042,
        "mean_adjusted_diff": 1.6797721527915825,
        "T": 55
      },
      "CW_vs_AR1": {
        "CW_stat": 2.434200539121503,
        "p_value_onesided": 0.007462361876645174,
        "mean_adjusted_diff": 0.08496493389412117,
        "T": 55
      }
    },
    "h6": {
      "horizon": 6,